Artist,Song
Stevie Wonder,"Signed, Sealed, Delivered (I'm Yours)"
The Jackson 5,I Want You Back
Natalie Cole,This Will Be (An Everlasting Love) - 2003 Digital Remaster
Otis Redding,Stand By Me
The Supremes,You Can't Hurry Love
Marvin Gaye;Tammi Terrell,Ain't No Mountain High Enough - Stereo Version
Stevie Wonder,For Once In My Life
Aretha Franklin,Respect - Remastered
The Temptations,My Girl
Marvin Gaye,Got To Give It Up (Part 1)
Jackie Wilson,(Your Love Keeps Lifting Me) Higher & Higher
Stevie Wonder,Sir Duke
Johnny Nash,I Can See Clearly Now - Edit
Ray Charles,I've Got A Woman
The Supremes,Come See About Me
The Isley Brothers,This Old Heart Of Mine (Is Weak For You) - Single Version (Mono)
James Brown,Get Up Offa That Thing
Aretha Franklin,Think
Four Tops,"I Can't Help Myself (Sugar Pie, Honey Bunch)"
Ray Charles,Hallelujah I Love Her So - Single/LP Version
The Foundations,Build Me Up Buttercup - Single Version
Sam & Dave,Soul Man - LP/Single Version
Sam & Dave,"Hold On, I'm Comin' - LP/Single Version"
Stevie Wonder,Uptight (Everything's Alright)
Stevie Wonder,Superstition
Sam Cooke,(What A) Wonderful World
Bill Withers,Lovely Day
Etta James,Something's Got A Hold On Me - Single Version
James Brown,Papa's Got A Brand New Bag
The Ronettes,Be My Baby
Hot Chocolate,You Sexy Thing
The Staple Singers,I'll Take You There
Bobby Day,Rockin' Robin
Clarence Carter,Snatching It Back
Sly & The Family Stone,Everyday People
Aretha Franklin,Son Of A Preacher Man
Smokey Robinson & The Miracles,I Second That Emotion
Al Green,Let's Stay Together
The Marvelettes,Please Mr. Postman - Stereo Version
The Contours,Do You Love Me
Dusty Springfield,Son Of A Preacher Man
The Shirelles,Mama Said
The Jackson 5,Who's Lovin' You
Percy Sledge,You Really Got A Hold On Me
The Chiffons,One Fine Day
Otis Redding,My Girl - Remastered Mono
Wilson Pickett,Land Of 1000 Dances
The Supremes,Stop! In The Name Of Love
Edwin Starr,War - Single Version
Martha Reeves & The Vandellas,Heatwave
Marlena Shaw,California Soul
Fontella Bass,Rescue Me
Sam Cooke,Bring It On Home to Me
Eddie Floyd,Knock On Wood
Commodores,Easy
The Jackson 5,ABC
Mary Wells,You Beat Me To The Punch
The Drifters,Under The Boardwalk - Single/LP Version
Sharon Jones & The Dap-Kings,I Just Dropped In To See What Condition My Condition Is In
The Velvelettes,Needle In A Haystack
Diplomats of Solid Sound;The Diplomettes,Soul Connection
Little Richard,Tutti Frutti
Jr. Walker & The All Stars,How Sweet It Is (To Be Loved By You)
Jr. Walker & The All Stars,Shotgun
The Spinners,The Rubberband Man
Rex Williams,You Are My Heart
James Brown,The Boss
Patty & The Emblems,"Mixed-Up, Shook-Up Girl"
Marvin Gaye;Kim Weston,It Takes Two
Funkadelic,Can You Get To That
The Temptations,The Way You Do The Things You Do
Chuck Berry,No Particular Place To Go - Single Version
Otis Redding,Shake - Remastered Stereo
The Isley Brothers,Twist And Shout
The O'Jays,Love Train
Betty Bibbs,Enough For Everybody
The Meters,Cissy Strut
Sam Cooke,Chain Gang
The Isley Brothers,"Shout, Pts. 1 & 2"
The Temptations,Get Ready
Martha Reeves & The Vandellas,Dancing In The Street - Single Version
Mary Wells,My Guy
The Five Stairsteps,O-o-h Child - Remastered
Sly & The Family Stone,Dance to the Music
Four Mints,Keep On Loving You
Four Tops,"Reach Out, I'll Be There"
Etta James,I Just Want To Make Love To You
The Crystals,Then He Kissed Me
Arthur Conley,Sweet Soul Music - Single/LP Version
Frank Wilson,Do I Love You (Indeed I Do)
The Marvelettes,Playboy - Single Version/Mono
Fats Domino,Ain't That A Shame? - 2002 Digital Remaster
James Brown,I Got You (I Feel Good)
Don Covay,"Mercy, Mercy"
Bettye Swann,Make Me Yours
The Isley Brothers,It's Your Thing
The Supremes,Baby Love
Major Lance,"Um, Um, Um, Um, Um, Um"
Leon Bridges,Smooth Sailin'
,
The Head and the Heart,Shake
Milo Greene,1957
Birdtalker,Graveclothes
Half Moon Run,Call Me In The Afternoon
Houndmouth,Sedona
Nick Mulvey,Mountain To Move
Family and Friends,Amadeus
Joseph,White Flag
The Lumineers,Cleopatra
Vance Joy,Lay It On Me
Freedom Fry,Awake
Of Monsters and Men,King And Lionheart
Hozier,Someone New
The Revivalists,Wish I Knew You
First Aid Kit,Wolf
Young Pines;Laney Jones,Start Right Now (feat. Laney Jones)
Ezra Vine,Celeste
Beta Radio,Either Way
The Head and the Heart,All We Ever Knew - Recorded at Spotify Studios NYC
Graham Colton,Life's What You Make It
Graeme James,Alive
Emil Landman,Our Bodies
Morningsiders,Empress
Avalanche City,Love Love Love - AU Master
Alabama Shakes,Hold On
The Tallest Man On Earth,King of Spain
Bibio,loversâ€™ carvings
The Harmaleighs,I Keep Ticking On
Dispatch,Only the Wild Ones
firekid,Lay By Me
Shovels & Rope,O' Be Joyful
The Wind and The Wave,Happiness Is Not A Place
Edward Sharpe & The Magnetic Zeros,Home
Chef'Special,In Your Arms
Iron & Wine,Call It Dreaming
Foy Vance,Upbeat Feelgood
Of Monsters and Men,Dirty Paws
Fruit Bats,Humbug Mountain Song
MAGIC GIANT,Hideaway
Shakey Graves,Dearly Departed (feat. EsmÃ© Patterson)
The Lumineers,Ophelia
Vance Joy,Riptide
Graeme James,One + One
Twin Forks,Back To You
The Lumineers,Where The Skies Are Blue
The Avett Brothers,Ain't No Man
Valerie June,Shakedown
MAGIC GIANT,Set On Fire
Langhorne Slim;The Law,Put It Together
Cereus Bright,American Dream
Dead Man Winter,Destroyer
Hein Cooper,Rusty
Ben Howard,Keep Your Head Up
Grouplove,Tongue Tied
Hozier,Jackie and Wilson
alt-J,Breezeblocks
Quiet Life;Cary Ann Hearst,Housebroken Man
The Lumineers,Ho Hey
Dotan,Shadow Wind
Ray LaMontagne,Meg White
The White Stripes,We're Going To Be Friends
Matt Pond PA,Whoa
Mumford & Sons;The Very Best;Beatenberg,Fool Youâ€™ve Landed
Shakey Graves,Tomorrow
The Head and the Heart,Rhythm & Blues
Falls,When We Were Young
The Felice Brothers,Aerosol Ball
Twin Bandit,Long Monday
MICKY,Candid
Mumford & Sons,I Will Wait
Lucius,Two of Us on the Run
Angus & Julia Stone,Big Jet Plane
Dustin Tebbutt,The Breach
A Blaze of Feather,Six Years
Ten FÃ©,Elodie
San Fermin,Bride
Matthew And The Atlas,I Will Remain
James Yuill,This Sweet Love
James Vincent McMorrow,Sparrow and the Wolf
Good Old War,Coney Island
Langhorne Slim;The Law,The Way We Move
Kishi Bashi,Philosophize In It! Chemicalize With It!
Hozier,From Eden
Allman Brown,Sweetest Thing
John Mayer,Wildfire
Deer Tick,The Dream's In The Ditch
Of Monsters and Men,Mountain Sound
Lowland Circus,Just Kids
Barry Louis Polisar,All I Want Is You
Passenger;Boy & Bear,Shape of Love (feat. Boy & Bear)
Judah & the Lion,Take It All Back 2.0
Noah And The Whale,5 Years Time
The Strumbellas,Spirits
Vance Joy,Mess Is Mine
Freedom Fry,Shaky Ground
Bahamas,All The Time
Pearl and the Beard,Douglas Douglass
Radical Face,"Welcome Home, Son"
Tom Speight,My My My
Declan McKenna,Brazil
Mumford & Sons,The Cave
Avicii;Sandro Cavazza,Without You (feat. Sandro Cavazza)
Maroon 5;SZA,What Lovers Do (feat. SZA)
Davai;CIRE,Replay
Felix Jaehn;Mike Williams,Feel Good
Jonas Blue;William Singe,Mama
Axwell /\ Ingrosso,More Than You Know
Rita Ora,Your Song
Justin Bieber;BloodPop?,Friends (with BloodPop?)
Kygo;Justin Jesso,Stargazing
ItaloBrothers,Summer Air
Moon Taxi,Two High
Maggie Lindemann;CADE;Cheat Codes,Pretty Girl - Cheat Codes X CADE Remix
SJUR;Chris Crone,Let Me Love You
Macklemore;Kesha,Good Old Days (feat. Kesha)
Martin Jensen;Loote,Wait
OneRepublic,No Vacancy
OneRepublic;Seeb,Rich Love (with Seeb)
Robin Schulz;James Blunt,OK
Lauv,I Like Me Better
Grace VanderWaal,Moonlight
Demi Lovato,Sorry Not Sorry
JP Cooper,September Song
Martin Jensen,Solo Dance
Matoma;Faith Evans;The Notorious B.I.G.;Snoop Dogg,Party On The West Coast (feat. Snoop Dogg)
Betty Who,Human Touch
Little Mix;Machine Gun Kelly,No More Sad Songs (feat. Machine Gun Kelly)
Felix Jaehn;Hight;Alex Aiono,Hot2Touch
Clean Bandit;Zara Larsson,Symphony
Alvaro;Faustix,Watching You
DEAMN,Give Me Your Love
Zara Larsson,TG4M
Kygo;Selena Gomez,It Ain't Me (with Selena Gomez)
M?,Nights With You
Sigrid,Plot Twist
Kiiara;Felix Snow,Whippin (feat. Felix Snow)
The Chainsmokers;Coldplay,Something Just Like This
Birgir,Can You Feel It
Olivia Holt,History
Ed Sheeran,Galway Girl
Starley;Ryan Riback,Call on Me - Ryan Riback Remix
Little Mix,Touch
Frances,No Matter
Aaron Carter,Sooner Or Later
Gryffin;Illenium;Daya,Feel Good
The Vamps;Matoma,All Night
Flo Rida;99 Percent,Cake
KREAM;Clara Mae,Taped Up Heart (feat. Clara Mae)
Sam Feldt;Deepend;Teemu,Runaways
Future Generations,Stars
CHAPPO,Come Home
Beck,Up All Night
Geowulf,Saltwater
Myd,The Sun
Cold Beat,62 Moons
Alex Lahey,You Don't Think You Like People Like Me
Frills,Magic Tide
Sorcha Richardson,Ruin Your Night
Riscas,Panic Like Tom
Moss,My Decision - Edit
Public Access T.V.,Metrotech
The Little Ones,Argonauts
Morningsiders,Somewhere In Between
Wilderado,Wheat
Nilüfer Yanya,Baby Luv
The Undercover Dream Lovers,Come Home
Tennis,Origins
Matt Pond PA,Still Summer
Nico Yaryan,Just Tell Me
The Shacks,This Strange Effect
Craft Spells,After the Moment
Lola Marsh,Wishing Girl
Freedom Fry,Shaky Ground
STRFKR,Rawnald Gregory Erickson the Second
Sjowgren,Now & Then
Future Islands,Ancient Water
Dagny,Backbeat
Tempesst,Waiheke
Man Man,Head On [Hold On To Your Heart]
Foreign Air,Free Animal
Parcels,Older
San Cisco,Too Much Time Together
The Undercover Dream Lovers,Good Luck
Lawrence Arabia,Apple Pie Bed
Real Estate,Darling
Moon Taxi,Make Your Mind Up
boy pablo,Everytime
Like Swimming,A Room of Her Own
Hippo Campus,baseball
DOPE LEMON,Marinade
Best Coast,Feeling Ok
HalfNoise,As U Wave
REYNA,Matinee
Diskopunk,Fire
Frills,My Love
Shout Out Louds,Oh Oh
lovelytheband,broken
Typhoon,Prosthetic Love
Portugal. The Man,Atomic Man
American Royalty,Matchstick
Duncan Fellows,Fresh Squeezed
The Shins,Name For You
JR JR,Control (Secretly Sorry)
Baio,Sister Of Pearl
Marsicans,Throw Ourselves In
Jack and Eliza,Oh No
Day Wave,Drag
Cloud Control,Panopticon
Arlie,Didya Think
The Wombats,Greek Tragedy
Plastic Picnic,Berkeley
Alex Lahey,Lotto In Reverse
Sharaya Summers,Light of the Moon
Sure Sure,Friends
Hazel English,Never Going Home
Young Galaxy,Pretty Boy
Flock of Dimes;Bayonne,The Joke - Bayonne Remix
POWERS,Beat of My Drum
The Shins,Australia
Wild Ones,Paresthesia
Rolling Blackouts Coastal Fever,French Press
Circa Waves,T-Shirt Weather
Cape Weather,Telephono
Declan McKenna,Brazil
Moon Taxi,Two High
Youth Lagoon,Afternoon
Roosevelt,Fever
The Growlers,City Club
POP ETC,What Am I Becoming?
Little Monarch,No Matter What
Oh800,Shoulda Known It
The Morning Benders,Excuses
Super Doppler,We Are Doing Fine
Day Wave,Gone
Palace,Bitter
VHS Collection,Waiting on the Summer
Peach Pit,Peach Pit
BROS,Tell Me
Fickle Friends,Swim
Generationals,"When They Fight, They Fight"
Mating Ritual,I Wear Glasses
The Wild Wild,When We Were Young
A Little Nothing,Into Waves
Gothic Tropic,Your Soul
Edward R.,Wolves and the Water
Foreign Air,In the Shadows
HalfNoise,Scooby's in the Back
Tokyo Police Club,Hang Your Heart
Island Club,Let Go
DEVOTED;Billionaire,Santa Fe (feat. Billionaire)
Local Natives,Dark Days
Shout Out Louds,Jumbo Jet
FUR,If You Know That I'm Lonely
Sure Sure,This Must Be the Place
Arlie,Big Fat Mouth
The Royal Concept,D-D-Dance
Metronomy,The Bay
Avid Dancer,You Only Like Me with the Lights Out
Future Generations,You've Got Me Flush
The Shins,Cherry Hearts - Flipped
Bombay Bicycle Club,Always Like This
Adrian Underhill,Cruel
Frankie & The Heartstrings,Hunger
The Features,This Disorder
Portugal. The Man,Feel It Still
Zuli,blaze
Hospitality,Friends of Friends
Colony House,You Know It
Vistas,Hold Me
Hippo Campus,Way It Goes
Lewis Del Mar,Painting (Masterpiece)
Tennis,Needle and a Knife
Mainland,Permission Slip
Ra Ra Riot;Rostam,Water
The Preatures,Is This How You Feel?
Generationals,Avery
Mass Gothic,Every Night You've Got to Save Me
Formation,All The Rest Is Noise
Architecture In Helsinki,Frenchy I'm Faking
Moon Taxi,All Day All Night
Leyya,Oh Wow
Circa Waves,Lost It
HONNE,Gone Are The Days
Flyte,Victoria Falls
The Head and the Heart,Rhythm & Blues
Bad Suns,Daft Pretty Boys
The Belle Game,Wait Up For You
Zipper Club,Small Town
Electric Guest,Dear To Me
Ron Gallo,"Young Lady, You're Scaring Me"
Ten Fé,Turn
Sjowgren,Seventeen
The Undercover Dream Lovers,Rewind
DIIV,Under the Sun
Fruit Bats,Humbug Mountain Song
Cosmo Sheldrake,Come Along (Edit)
Active Bird Community,Pick Me Apart
Born Ruffians,Foxes Mate For Life
Morningsiders,Empress
Yoke Lore,Goodpain
The Kooks,Naive
RAC;St. Lucia,The Beautiful Game
Two Door Cinema Club,Are We Ready? (Wreck)
of Montreal,Gronlandic Edit
Spoon,Rent I Pay
Declan McKenna,Isombard
The Dig,People Take Pictures of Each Other
Middle Kids,Edge of Town
Carnival Youth,Never Have Enough
TRACE,Low
Middle Kids,Never Start
Agua Roja,Summer Ends
STRFKR,Open Your Eyes
Temples,Certainty
Sam Patch,St. Sebastian
Mystery Jets;Laura Marling,Young Love (feat. Laura Marling)
Yoke Lore,Hold Me Down
San Cisco,Awkward - EP Version
Cold War Kids,Love Is Mystical
Ra Ra Riot,Absolutely
Wild Cub,Thunder Clatter
Sure Sure,New Biome
The Maccabees,Toothpaste Kisses
RAC;Speak,One House
The Rumble Strips,Girls And Boys In Love
PAPA,Comfort's a Killer
Opossom,Blue Meanies
Two Door Cinema Club,Bad Decisions
Pinegrove,Old Friends
The Joy Formidable,Whirring
BLOXX,You
Geowulf,Get You
Amber Coffman,No Coffee
Two Door Cinema Club,Something Good Can Work
St. Lucia,Dancing On Glass
Kishi Bashi,"Can't Let Go, Juno"
Caveman,On My Own
Plastic Picnic,Miss It Still
JR JR,Gone
Smith Westerns,Weekend
The Go! Team,Semicircle Song
Vampire Weekend,Oxford Comma
Zuli,follow you
Someone Still Loves You Boris Yeltsin,Young Presidents
Daya,New
Pawl;Jimmy Burney,Young & Faded
Lorde;Khalid;Post Malone;SZA,"Homemade Dynamite (Feat. Khalid, Post Malone & SZA) - REMIX"
Sabrina Carpenter,Why
Fuse ODG;Ed Sheeran;Mugeez,Boa Me (feat. Ed Sheeran & Mugeez)
Maroon 5;SZA,What Lovers Do (feat. SZA)
Don Diablo;A R I Z O N A,Take Her Place (feat. A R I Z O N A)
Alvaro;Faustix,Watching You
Loote,Out Of My Head
Tungevaag & Raaban;Victor Crone,Coming Up
David Guetta;Afrojack;Charli XCX;French Montana,Dirty Sexy Money (feat. Charli XCX & French Montana)
The Uni?n;Lovespeake,No Good For You
Selena Gomez;Marshmello,Wolves
Anis Don Demina,On My Mind
CamelPhat;Elderbrook,Cola
Felix Jaehn;Mike Williams,Feel Good
Cheat Codes;Demi Lovato,No Promises (feat. Demi Lovato)
Iris Gold,All I Really Know
Timeflies,Semi-Charmed
Astrid S,Think Before I Talk
Alan Walker;Gavin James,Tired
Charlie Puth,How Long
RAYE;Mr Eazi,Decline
Fancy Cars;Myah Marie,Last Time Love
Bishop Briggs,Dream
DJ Snake;Lauv,A Different Way (with Lauv)
HUMAN,HIGHER
Madden;6AM,Golden Light (feat. 6AM)
Wisin;Timbaland;Bad Bunny,Move Your Body
Maroon 5,Lips On You
Rudimental;Ed Sheeran,Lay It All On Me (feat. Ed Sheeran)
Sigrid,Strangers
Rita Ora,Anywhere
Tyron Hapi;Mimoza,Anyway
MORTEN;Conor Darvid,Ride Around (feat. Conor Darvid)
Timeflies,Once in a While
Mugisho,Play With You
KLYMVX;Emily Zeck,After Midnight
Imagine Dragons,Thunder
JP Cooper,September Song
Mike Posner;Grey,In The Arms Of A Stranger - Grey Remix
AlunaGeorge,Turn Up The Love
Tritonal;Sj;Emma Gatsby,Hung Up
Perttu;Sam Shrieve,Stardust
Andrelli;Elle Winter,Always You
Virginia To Vegas,Selfish
Jonas Blue;William Singe,Mama
Dua Lipa,Blow Your Mind (Mwah)
Fancy Cars;Yashua,Belong To U
Naaz,Up To Something
JP Cooper,She's On My Mind
Aaron Carter,Sooner Or Later
Alex Mattson,Good Kids
Bakermat;Kiesza,Don't Want You Back
Kiiara;Felix Snow,Whippin (feat. Felix Snow)
Hearts & Colors;Andrelli,Lighthouse - Andrelli Remix
NOTD;Dagny,Summer Of Love
Clean Bandit;Zara Larsson,Symphony (feat. Zara Larsson)
Rudimental;James Arthur,Sun Comes Up
INNA,Rendez Vous
Luke Christopher,Lot to Learn
Ryan Riback,All That She Wants
Klingande;M-22,Somewhere New - Radio Edit
Anne-Marie,Ciao Adios
Lukas Graham;My Little Pony,Off To See The World
Martin Garrix;Troye Sivan,There for You
Bruno Martini;Isadora,Sun Goes Down
Elohim;Whethan,Sleepy Eyes
Dagny,Love You Like That
Petit Biscuit;Panama,Waterfall
Davai;CIRE,Replay
Gnarly Gibbs,I Need My Girl
Tungevaag & Raaban;Isac Elliot,Beast
Basic Tape,No Matter (Basic Tape vs. Frances)
Hot Shade;Palm Trees;Sophia Ayana,My Body
ItaloBrothers,Sorry
Marshmello;Khalid,Silence
Felix Jaehn;Hearts & Colors;Adam Trigger,"Like A Riddle (feat. Hearts & Colors, Adam Trigger)"
Maroon 5;Julia Michaels,Help Me Out (with Julia Michaels)
Hook N Sling;Parson James;Betty Who,If You're Hearing This
Luke Christopher,Waterfalls
Vigiland,Another Shot
Shawn Hook;Vanessa Hudgens,Reminding Me
Craig David,Heartline
WALK THE MOON,One Foot
Robin Schulz;James Blunt,OK
Urban Cone,Pumping Up Clouds
Louis Tomlinson;Bebe Rexha;Digital Farm Animals,Back to You (feat. Bebe Rexha & Digital Farm Animals)
Kygo;Sasha Sloan,This Town
Axwell /\ Ingrosso,More Than You Know
Kygo;Justin Jesso,Stargazing
Nick Jonas,Find You
ALMA;French Montana,Phases
Loud Luxury;brando,Body
Lauv,Easy Love
The Vamps;Maggie Lindemann,Personal
Alex Mattson;Lucas Marx,All About You
Madden;Chris Holsten,All About You
Taylor Swift,Look What You Made Me Do
MisterWives,Coloring Outside The Lines
FRENSHIP;Emily Warren;STINT,Capsize - Stint Remix
Khalid,Location
Empire of the Sun,High And Low
Kidswaste;Khai,Wild
COIN,Talk Too Much
Dillistone;LILI N,Rude
Elephante;Brandyn Burnette,Plans (feat. Brandyn Burnette)
Ocean Park Standoff,Good News
The Aces,Stuck
MUNA,Around U
Great Good Fine Ok,Take It or Leave It
Tayler Buono;Lenno,Technically Single - Lenno Remix
Lizzy Land,Sweet Melodies
StéLouse;Nick Leng,Been So Long
NoMBe,Young Hearts
Tigertown,Papernote
Stalking Gia,Second Nature
Honors,Over
Sjowgren,Now & Then
FRND,Substitute
Harl?,All in My Feelings
Billie Eilish;Astronomyy,Ocean Eyes - Astronomyy Remix
Andrew McMahon in the Wilderness,Fire Escape
Maggie Rogers,On + Off
Lostboycrow,Verona
Olivia O'Brien,Empty
Alina Baraz;Khalid,Electric (feat. Khalid)
LANY,ILYSB
Violet Days,Suck at Love
Ten Fé,Elodie
BLAISE MOORE,FRIENDS
The Knocks;Jerm,LIE (feat. Jerm)
MUNA,I Know A Place
Grace VanderWaal,Light The Sky
The Japanese House,Face Like Thunder
Chelsea Lankes,Bullet
blackbear,Flirt Right Back
Phoebe Ryan,Dark Side
Gabrielle Aplin,Miss You
Judah & the Lion,Suit And Jacket
Chance The Rapper;Knox Fortune,All Night (feat. Knox Fortune)
Sundara Karma,She Said
Lana Del Rey,Love
pronoun,a million other things
Kevin Abstract,Empty
KYLE;Lil Yachty,iSpy
blackbear,My Bad Luv
Urban Cone,Old School
NVDES,Don't Fvck Your Neighbor
Wingtip;Sophie Strauss,Rewind (feat. Sophie Strauss)
Henry Jamison,Real Peach
Glades,Her (Loving You)
Lorde,Green Light
Twenty One Pilots;Mutemath,Ride (feat. MUTEMATH)
Louis The Child;Elohim,Love Is Alive
MisterWives,Machine
Swanky Tunes;Going Deeper,Till The End
Jocelyn Alice,Jackpot (The Him Remix)
Audien;RUMORS,Monaco
Mike Williams,Bambini
Robin Schulz;Ilsey,Headlights (feat. Ilsey)
2Elements,Tell Me - Radio Edit
Sam Feldt;Deepend;Teemu;Jay Hardway,Runaways - Jay Hardway Remix Edit
Eelke Kleijn,Celebrate Life - Radio Edit
Yolanda Be Cool;DCup,From Me To You - Edit
Seizo,Oh Baby
Bakermat;Alex Clare;Dante Klein,Living - Dante Klein Remix
Michael Brun;Ben Alessi,U
Wahlstedt,Magic City
Diviners;Philly K.,Savannah
Brierley,Elounda
Galantis;Hook N Sling;CID,Love On Me - CID Remix
Marshmello,Summer
NERVO;The Child of Lov;M?WE,People Grinnin' (feat. The Child Of Lov) - MOWE Remix
Arty,Kate - 2015 Remix
EDX feat. Hadley,Everything - Radio Mix
Le Youth,R E A L
Avicii;Nicky Romero,I Could Be The One (Avicii Vs. Nicky Romero) - Nicktim / Radio Edit
Syn Cole;Madame Buttons,Miami 82 - Vocal Radio Mix
Kaskade;Alex Gaudino,I'll Never Dream I'm in Love - Radio Edit
Sonny Alven;Emmi,Our Youth
ATTLAS,Ryat
Mr. Belt & Wezol,Boogie Wonderland
Don Diablo;Matt Nash,Starlight (Could You Be Mine) - Radio Edit
Vandalism;Tommie Sunshine;Disco Fries,Forever
Tom Hangs;Shermanology,Blessed - Avicii Edit
Above & Beyond;Alex Vargas,Blue Sky Action - EDX's Indian Summer Remix
Savi;Bryce Fox;King Arthur,Breathe It In - King Arthur Remix
San Holo,Fly
Klingande,Jubel - Nora En Pure Remix
GOLDHOUSE;Pierce Fulton,FeelGood (Pierce Fulton Radio Edit) [feat. Pierce Fulton]
Shapov;MEG \ NERAK,Breathing Deeper
Pierce Fulton;NVDES,Borrowed Lives (feat. NVDES)
Eden Prince,P.Y.T. (Pretty Young Thing)
Tiësto;Dyro,Paradise - Original Mix
Static Revenger,Happy People
Tom Staar,Drift
Gareth Emery,Sansa
Kryder;Daddy's Groove,Street Life
Arty;Matisse & Sadko,Trio
Joris Voorn,Orange
The Golden Pony;Great Good Fine Ok,What Do U See In Me
Life of Dillon,Dreams - Lost Kings Remix
Fatum,Drive - Original Mix
Syn Cole,Feel Good
Tiësto;Jónsi,Kaleidoscope
Eskai,Mimi
Jason Derulo,Want to Want Me
Vance Joy,Riptide
George Ezra,Budapest
Ed Sheeran,Photograph
Kygo;Conrad Sewell,Firestone
Rachel Platten,Fight Song
The Weeknd,The Hills
Flo Rida;Verdine White;Robin Thicke,"I Don't Like It, I Love It (feat. Robin Thicke & Verdine White)"
R. City;Adam Levine,Locked Away
OMI,Hula Hoop
Sigala,Easy Love
Lost Frequencies;Janieck Devy,Reality - Radio Edit
Fetty Wap,Again
Lukas Graham,7 Years
Zara Larsson;MNEK,Never Forget You
Justin Bieber,Life Is Worth Living
Robin Schulz;Francesco Yates,Sugar (feat. Francesco Yates)
Coldplay,Adventure Of A Lifetime
Alan Walker,Faded
Jon Bellion,All Time Low
Omar LinX;Marshmello,Keep It Mello (feat. Omar LinX)
G-Eazy;Bebe Rexha,"Me, Myself & I"
Twenty One Pilots,Stressed Out
The Chainsmokers;ROZES,Roses
Selena Gomez,Hands To Myself
ZAYN,PILLOWTALK
Kygo;Maty Noyes,Stay
Demi Lovato,Stone Cold
Flo Rida,My House
Twenty One Pilots,Car Radio
Arctic Monkeys,R U Mine?
Birdy;Don Diablo,Keeping Your Head Up - Don Diablo Remix [Radio Edit]
Twenty One Pilots,Ride
Jonas Blue;Dakota,Fast Car
Kevin Gates,Really Really
Kevin Gates,2 Phones
Kevin Gates,I Don't Get Tired (#IDGT) [feat. August Alsina]
Mike Posner,I Took A Pill In Ibiza - Seeb Remix
Lukas Graham,Mama Said
Desiigner,Panda
Fifth Harmony;Ty Dolla $ign,Work from Home
Timeflies;Katie Sky,Monsters
Zara Larsson,Lush Life
Jason Derulo,If It Ain't Love
The Chainsmokers;Daya,Don't Let Me Down
Troye Sivan,YOUTH
X Ambassadors,Unsteady
Twenty One Pilots,Fall Away
Fall Out Boy,Uma Thurman
Alessia Cara,Wild Things
Ruth B.,Lost Boy
X Ambassadors,Renegades
Twenty One Pilots,Tear In My Heart
Daya,Hide Away
Alessia Cara,Here
DNCE,Cake By The Ocean
Halsey,New Americana
Charlie Puth,One Call Away
Cheat Codes;Kris Kross Amsterdam,Sex
Elle King,Ex's & Oh's
Kent Jones,Don't Mind
My Chemical Romance,Welcome to the Black Parade
Twenty One Pilots,Guns For Hands
Sia,Cheap Thrills
Meg & Dia,Monster (DotEXE Remix)
G-Eazy;Remo,I Mean It
Nightcore,Monster (DotEXE Remix)
Shawn Mendes,Treat You Better
Nightcore,God Is A Girl
Taylor Swift;The Civil Wars,Safe & Sound - from The Hunger Games Soundtrack
SK8;Massey,Verse (feat. Massey)
OneRepublic,Kids
Cheat Codes;Dante Klein,Let Me Hold You (Turn Me On)
D for Designer,Timmy Turner
Kiiara,Gold
DJ Snake;Bipolar Sunshine,Middle
Jonas Blue;JP Cooper,Perfect Strangers
Adele,When We Were Young
OneRepublic,Wherever I Go
James Bay,Let It Go
Flume;kai,Never Be Like You (feat. Kai)
G-Eazy,Calm Down
Marshmello,Alone
Daya,"Sit Still, Look Pretty"
Galantis,No Money
Hailee Steinfeld;Grey;Zedd,Starving
Adele,Send My Love (To Your New Lover)
Sia;Kendrick Lamar,The Greatest
DJ Snake;Justin Bieber,Let Me Love You
The Chainsmokers;Halsey,Closer
Calvin Harris;Rihanna,This Is What You Came For
OneRepublic,Love Runs Out
Nause;Pretty Sister,Dynamite (feat. Pretty Sister)
Panic! At The Disco,Nine In The Afternoon
Jidenna;Roman GianArthur,Classic Man
Lil Dicky;Fetty Wap;Rich Homie Quan,$ave Dat Money (feat. Fetty Wap & Rich Homie Quan)
The Weeknd,Real Life
Timeflies,Swoon
Timeflies,Gravity
Coldplay;Seeb,Hymn For The Weekend - Seeb Remix
James Arthur,Say You Won't Let Go
Sia,The Greatest
RJD2,Ghostwriter
Hey Violet,Guys My Age
Charli XCX;Lil Yachty,After The Afterparty (feat. Lil Yachty)
Jessie J,Masterpiece
Hillsong United,Oceans (Where Feet May Fail)
Migos;Lil Uzi Vert,Bad and Boujee (feat. Lil Uzi Vert)
SJUR;Chris Crone,Let Me Love You
KYLE;Lil Yachty,iSpy
Flo Rida;99 Percent,Cake
Isaiah,It's Gotta Be You
Ed Sheeran,Castle on the Hill
Nevada;Mark Morrison;Fetty Wap,The Mack
mansionz;Spark Master Tape,STFU
TRXD;Emilie Adams,Our City
Sia,Move Your Body - Single Mix
John Legend,Love Me Now
Kiiara,Feels
Machine Gun Kelly;Camila Cabello,Bad Things - With Camila Cabello
ZAYN;Taylor Swift,"I Don't Wanna Live Forever (Fifty Shades Darker) - From ""Fifty Shades Darker (Original Motion Picture Soundtrack)"""
Bag Raiders,Shooting Stars
James Bay,Hold Back The River
Wingtip;Sophie Strauss,Rewind (feat. Sophie Strauss)
Felix Snow;Icona Pop,Windows (feat. Icona Pop)
Whethan;Flux Pavilion;MAX,Savage (feat. Flux Pavilion & MAX)
Disturbed,The Sound Of Silence
The Chainsmokers;Coldplay,Something Just Like This
Kygo;Selena Gomez,It Ain't Me (with Selena Gomez)
Ed Sheeran,Shape of You
The Chainsmokers,Paris
Michael Bublé,Feeling Good
Ed Sheeran,Galway Girl
Clean Bandit;Sean Paul;Anne-Marie,Rockabye (feat. Sean Paul & Anne-Marie)
Julia Michaels,Issues
Starley;Ryan Riback,Call On Me - Ryan Riback Extended Remix
Bebe Rexha;Ty Dolla $ign,Bad Bitch (feat. Ty Dolla $ign)
Lauv,The Other
G-Eazy;Kehlani,Good Life (with G-Eazy & Kehlani)
Lady Gaga,Million Reasons
The Lumineers,Ophelia
Bruno Mars,That's What I Like
Kendrick Lamar,HUMBLE.
Tom Walker,Just You and I
Niall Horan,This Town
Sabrina Carpenter,Thumbs
Childish Gambino,Redbone
A R I Z O N A,Oceans Away
Gryffin;Illenium;Daya,Feel Good (feat. Daya)
Hailee Steinfeld;DNCE,Rock Bottom
Mike Posner;Lil Wayne,Bow Chicka Wow Wow ft. Lil Wayne
Martin Garrix;Bebe Rexha,In the Name of Love
Luis Fonsi;Daddy Yankee;Justin Bieber,Despacito - Remix
Miley Cyrus,Malibu
Marian Hill,Down
Post Malone;Quavo,Congratulations
Taylor Swift,Out Of The Woods
Taylor Swift,Blank Space
Train,Play That Song
Charlie Puth;Meghan Trainor,Marvin Gaye (feat. Meghan Trainor)
AJR;Rivers Cuomo,Sober Up
Julia Michaels,Uh Huh
JAY Z;Kanye West,Ni**as In Paris
AJR,Weak
AJR,Drama
Halsey,Now Or Never
The Vamps;Matoma,All Night
Olivia Holt,History
AJR,Three-Thirty
The All-American Rejects,Sweat
Charlie Puth,Attention
Selena Gomez,Kill Em With Kindness
Imagine Dragons,Thunder
Zedd;Alessia Cara,Stay (with Alessia Cara)
Hailee Steinfeld,Most Girls
DJ Khaled;Justin Bieber;Quavo;Chance The Rapper;Lil Wayne,I'm the One
Jonas Blue;William Singe,Mama
Lorde,Green Light
Bebe Rexha;Nicki Minaj,No Broken Hearts (feat. Nicki Minaj)
The Vamps;Martin Jensen,Middle Of The Night
JP Cooper,September Song
AJR,Come Hang Out
Auli'i Cravalho,How Far I'll Go
AJR,I'm Not Famous
AJR,No Grass Today
Lorde,Perfect Places
Shawn Hook;Vanessa Hudgens,Reminding Me
J Balvin;Willy William,Mi Gente
French Montana;Swae Lee,Unforgettable
Cheat Codes;Demi Lovato,No Promises (feat. Demi Lovato)
Demi Lovato,Sorry Not Sorry
Noah Cyrus;Labrinth,Make Me (Cry)
Marshmello;Khalid,Silence
Sam Smith,Too Good At Goodbyes
Hedley,Better Days
AJR,The Good Part
blackbear,do re mi
Selena Gomez,Bad Liar
Vice;Jon Bellion,Obsession (feat. Jon Bellion)
AJR,Netflix Trip
Lauv,I Like Me Better
Logic;Alessia Cara;Khalid,1-800-273-8255
Imagine Dragons,Whatever It Takes
M?,Nights With You
Rag'n'Bone Man,Human
ZAYN;Sia,Dusk Till Dawn - Radio Edit
Natasha Bedingfield;Sean Kingston,Love Like This
Quinn XCII;Chelsea Cutler,Flare Guns
Jason French,You Just Want My Money
Marc E. Bassy;Hailee Steinfeld,Plot Twist - Remix
Kesha,Praying
Portugal. The Man,Feel It Still
Post Malone;21 Savage,rockstar
Plain White T's,Rhythm Of Love
Imagine Dragons,Believer
Justin Timberlake,"CAN'T STOP THE FEELING! (Original Song from DreamWorks Animation's ""TROLLS"")"
Alessia Cara,Scars To Your Beautiful
Khalid,Location
Camila Cabello;Young Thug,Havana
Ed Sheeran,Perfect
Macklemore;Skylar Grey,Glorious (feat. Skylar Grey)
AJR,Bud Like You
Louis Tomlinson;Bebe Rexha;Digital Farm Animals,Back to You (feat. Bebe Rexha & Digital Farm Animals)
P!nk,What About Us
Sam Smith,Too Good At Goodbyes - Edit
The Revivalists,Wish I Knew You
Cheat Codes;Fetty Wap;CVBZ,Feels Great (feat. Fetty Wap & CVBZ)
Niall Horan,Too Much To Ask
Katy Perry,This Is How We Do
Stargate;P!nk;Sia,Waterfall
Pharrell Williams,"Happy - From ""Despicable Me 2"""
Mark Ronson;Bruno Mars,Uptown Funk
Sofi Tukker;NERVO;The Knocks;Alisa Ueno,Best Friend
Pitbull;Robin Thicke;Joe Perry;Travis Barker,Bad Man
N.E.R.D;Rihanna,Lemon
Chris Brown,Questions
Pitbull;Fifth Harmony,Por Favor
Captain Cuts;Rich The Kid;Daniels,Cocaina
Portugal. The Man,Feel It Still
Calvin Harris;Pharrell Williams;Katy Perry;Big Sean,Feels
Lost Kings;Sabrina Carpenter,First Love
WALK THE MOON,One Foot
Craig David,Heartline
Beck,Dear Life
The Script;Nicky Jam,Rain (feat. Nicky Jam) - Saga WhiteBlack Remix
Avicii;Vargas & Lagola,Friend Of Mine (feat. Vargas & Lagola)
Bonzai;Mura Masa,I Feel Alright - Mura Masa Remix
Fifth Harmony;Gucci Mane,Down
Daniel Powter,Delicious
Jax Jones;Demi Lovato;Stefflon Don,Instruction (feat. Demi Lovato & Stefflon Don)
Train,Play That Song
DJ Khaled;Justin Bieber;Quavo;Chance The Rapper;Lil Wayne,I'm the One
WizKid;Chris Brown,African Bad Gyal
Pharrell Williams,Yellow Light - Despicable Me 3 Original Motion Picture Soundtrack
Charli XCX;M?,3AM (Pull Up) (feat. M?)
Clean Bandit;Zara Larsson,Symphony (feat. Zara Larsson)
G-Eazy;Kehlani,Good Life (with G-Eazy & Kehlani)
Maggie Lindemann,Pretty Girl
Tiggs Da Author;Lady Leshurr,Run
Superfruit,Bad 4 Us
Little Mix,Shout Out to My Ex
Justin Timberlake,"CAN'T STOP THE FEELING! (Original Song from DreamWorks Animation's ""TROLLS"")"
WizKid,Daddy Yo
Kygo;Selena Gomez,It Ain't Me (with Selena Gomez)
FTampa;Anne M,Love Is All We Need
Owl City;Carly Rae Jepsen,Good Time
One Direction,What Makes You Beautiful
PRETTYMUCH,Would You Mind
Ariana Grande,Baby I
Ed Sheeran,Castle on the Hill
Olly Murs;Travie McCoy,Wrapped Up
Hot Chelle Rae,Tonight Tonight
Katy Perry,California Gurls - feat. Snoop Dogg
WALK THE MOON,Shut Up and Dance
Little Mix,Wings
Cher Lloyd,Want U Back
Maroon 5,Sunday Morning
Kesha,TiK ToK
Pentatonix,Cheerleader
Hailee Steinfeld,Love Myself
MKTO,Classic
The Jackson 5,I Want You Back
Hanson,MMMBop
Bruno Mars,The Lazy Song
Jack Johnson,Good People
Travie McCoy;Bruno Mars,Billionaire (feat. Bruno Mars)
Life of Dillon,Sex for Breakfast
Sigala;Ella Eyre,Came Here for Love
MAGIC!,#SundayFunday
OMI,Hula Hoop
Jimmy Cliff,I Can See Clearly Now
Pitbull;Flo Rida;LunchMoney Lewis,Greenlight
The Black Eyed Peas,Hey Mama
LunchMoney Lewis,Bills
Sean Paul,Get Busy
OutKast,Hey Ya!
Smash Mouth,All Star
Third Eye Blind,Semi-Charmed Life
Bowling For Soup,1985
zebrahead,Playmate of the Year
Avril Lavigne,What the Hell
The Chainsmokers;Coldplay,Something Just Like This
Stargate;P!nk;Sia,Waterfall
Quinn XCII,Make Time
Life of Dillon;L Marshall,Focus
Izzy Bizu,Sweat (A La La La La Long)
MGMT,Kids
Passion Pit,Take a Walk
Sigala;Bryn Christopher,Sweet Lovin' - Original Mix
Gryffin;Illenium;Daya,eel Good (feat. Daya)
Martin Garrix;Dua Lipa,Scared to Be Lonely
Seven Lions;Skyler Stonestreet,Freesol (feat. Skyler Stonestreet)
Martin Garrix;Troye Sivan,There for You
Cash Cash;Jacquie,Aftershock (feat. Jacquie)
Cash Cash;Christina Perri,Hero (feat. Christina Perri)
Zedd,Daisy
Seven Lions;Myon & Shane 54;Tove Lo,Strangers
Miley Cyrus;Alan Walker,Malibu - Alan Walker Remix
Porter Robinson;Madeon,Shelter
Elephante;Bishop;Virtu,Closer (feat. BISH?P) - Virtu Remix
Axwell /\ Ingrosso,More Than You Know
Zedd;Aloe Blacc,Candyman
The Chainsmokers;Phoebe Ryan,All We Know
Elephante;Deb's Daughter,Troubled (feat. Deb's Daughter)
Galantis,Gold Dust
Ed Sheeran;Throttle,Castle on the Hill - Throttle Remix
Mocki;Jai Wolf,Weekend - Jai Wolf Remix
Galantis;Hook N Sling;Madison Mars,Love On Me - Madison Mars Remix
X Ambassadors;Justin Caruso,Unsteady - Justin Caruso Remix
Scott Harris Regime;Narai,Losing Our Religion
Jarryd James,Do You Remember - Chet Porter Remix
Mako;Elephante,Smoke Filled Room - Elephante Remix
Cash Cash;ROZES,Matches
Hailee Steinfeld;Grey;Zedd,Starving
The Chainsmokers;Halsey,Closer
Skrux,You & Me
Kaskade;Mindy Gledhill,Eyes - Radio Edit
Alesso,Heroes (we could be)
Jack Ü;Skrillex;Diplo;Justin Bieber,Where Are Ü Now (with Justin Bieber)
Alan Walker;Gavin James;Lemarroy,Tired - Lemarroy Remix
Zedd;Foxes,Clarity
Illenium;King Deco,Reverie (feat. King Deco)
Zedd;Matthew Koma;Miriam Bryant,Find You
Zedd;Hayley Williams,Stay The Night - Featuring Hayley Williams Of Paramore
Cash Cash;Bebe Rexha,Take Me Home (feat. Bebe Rexha)
Zedd;Selena Gomez,I Want You To Know
Zedd;Jon Bellion,Beautiful Now
The Chainsmokers;Tritonal;Emily Warren,Until You Were Gone
Mako;Madison Beer;Lost Kings,I Won't Let You Walk Away - Lost Kings Remix
Fedde Le Grand;Denny White,Cinematic - Radio Edit
Lenno;Dragonette,The Best - Radio Edit
Galantis,No Money
Afrojack;Matthew Koma,Illuminate
DJ Snake;Bipolar Sunshine,Middle
Otto Knows;Avicii,Back Where I Belong (feat. Avicii)
Cash Cash;Digital Farm Animals;Nelly,Millionaire (feat. Nelly)
Cash Cash;Little Daylight,Turn (feat. Little Daylight)
Cash Cash;Fitz;Fitz and The Tantrums;Fitz of Fitz and The Tantrums,Broken Drum (feat. Fitz of Fitz and The Tantrums)
Seven Lions;Mike Mains,Coming Home - Seven Lions & Ricky Mears Festival Radio Mix
The Griswolds;NGHTMRE;Tyler Marenyi,Live This Nightmare (feat. NGHTMRE)
Martin Garrix;Bebe Rexha,In the Name of Love
Party Favor;Sean Kingston;Rich The Kid,Give It To Me Twice (feat. Sean Kingston & Rich The Kid)
Alan Walker;Tiësto,Faded - Tiesto's Deep House Remix
Kungs;Cookin' On 3 Burners,This Girl (Kungs Vs. Cookin' On 3 Burners)
Galantis;East & Young,Make Me Feel
Galantis,Firebird
Avicii,Broken Arrows
The Chainsmokers;ROZES,Roses - The Him Remix
Lenno;The Electric Sons,Wake Up
Snakehips;Tinashe;Chance The Rapper;Wave Racer,All My Friends - Wave Racer Remix
Big Wild;Tove Styrke,Aftergold
Kav Verhouzer;Palm Trees,In My Arms
Steve Aoki;Boehm;WALK THE MOON;FTampa,Back 2 U - FTampa Remix
Cookin' On 3 Burners;Kylie Auldist;Lenno,Mind Made Up (feat. Kylie Auldist) - Lenno vs. Cookin' On 3 Burners
OneRepublic,Feel Again
Jim Yosef,Canary
Mako,Let Go Of The Wheel
Robin Schulz;David Guetta;Cheat Codes,Shed a Light
Gryffin;Bipolar Sunshine;Young Bombs,Whole Heart - Young Bombs Remix
Martin Garrix;Matisse & Sadko,Together
Galantis,Pillow Fight
Tritonal;Ross Lynch;R5,I Feel The Love
Syn Cole,Feel Good
Alan Walker,Alone
Ookay,Thief
The Chainsmokers,Paris
Cash Cash;Sofia Reyes;Boombox Cartel,How To Love (feat. Sofia Reyes) - Boombox Cartel Remix
graves;Maazel,Lost Boys
San Holo,We Rise
San Holo,Light
Borgeous;MORTEN;RUNAGROUND,Coffee Can Money (feat. RUNAGROUND)
Thomas Gold,Better Versions Of Myself
NGHTMRE;SLANDER,GUD VIBRATIONS
Party Shirt;Trippy Trev,Lovin
SMLE,By My Side
Galantis,Rich Boy
The Chainsmokers;Coldplay,Something Just Like This
The Chainsmokers;LOUDPVCK,Paris - LOUDPVCK Remix
Boombox Cartel;QUIX;Anjulie,Supernatural (feat. Anjulie)
graves;MYRNE,Tiger Blood
Mr. Probz;Conro,Fine Ass Mess - Conro Remix
Calvin Harris;Frank Ocean;Migos,Slide
Lindsay Lowend,GT40
TastyTreat,Fallin in Love
Gaba Island,Where Are You
Gaba Island,Tidal Wave
Parson James,Temple - Lenno Remix
Captain Cuts;Nateur;Lenno,Love Like We Used To - Lenno Remix
Arty;Angel Taylor,Up All Night - Lenno Remix
Diplo;Sleepy Tom;Boombox Cartel,Be Right There - Boombox Cartel Remix
Yellow Claw;Yade Lauren,Love & War (feat. Yade Lauren)
Yellow Claw;DJ Snake;Elliphant,Good Day (feat. DJ Snake & Elliphant)
Yellow Claw;Otis Parker,Friends In The Dark (feat. Otis Parker)
Gaba Island;Antartika,Paper Islands (Antartika Remix)
CAZZETTE;JONES,Handful Of Gold
Laidback Luke;Ralvero;Ina,XOXO (feat. Ina)
Grant,Starship
JPB;MYRNE;Yung Fusion,Feels Right - Radio Edit
The Chainsmokers;Coldplay;Don Diablo,Something Just Like This - Don Diablo Remix
Jai Wolf;Mr Gabriel,Starlight
Illenium;Kerli,Sound of Walking Away
SLUMBERJACK;Vera Blue,Fracture
Evix,Drifters
metr,Stories
Zedd;Bahari,Addicted To A Memory
The Chainsmokers,The One
Sigrid;Gryffin,Don't Kill My Vibe - Gryffin Remix
The Vamps;Martin Jensen,Middle Of The Night
Joel Fletcher;Tyron Hapi;Bianca,Smooth Operator
Zedd;Alessia Cara;Petit Biscuit,Stay (with Alessia Cara) - Petit Biscuit Remix
DJ Khaled;Justin Bieber;Quavo;Chance The Rapper;Lil Wayne,I'm the One
Martin Solveig;ALMA,All Stars
Pink Guy;Getter,Fried Noodles (Getter Remix)
Duke Dumont;Gorgon City;NAATIONS,Real Life
Hardwell;Austin Mahone,Creatures Of The Night
Skip Marley;Bad Royale,Calm Down - Bad Royale Remix
David Guetta;Justin Bieber,2U (feat. Justin Bieber)
Throttle,Found You (Make Me Yours)
Louis The Child;Evalyn,Fire
Jai Wolf,Indian Summer
Birdy,Skinny Love - Fareoh Remix
Felix Jaehn;Hight;Alex Aiono,Hot2Touch
Cash Cash;Conor Maynard,All My Love (feat. Conor Maynard)
Subtact,Anomaly
Galantis,True Feeling
Jai Wolf;Lenno,Starlight (Lenno Remix)
Two Friends;Cosmos & Creature,Out of Love
POWERS;The Knocks,Sunshine - The Knocks Remix
Shawn Wasabi;Hollis,Otter Pop (feat. Hollis)
Zeus X Crona,Eyes
R3HAB,Hold Me
R3HAB;VÉRITÉ,Trouble
Alessia Cara,Scars To Your Beautiful
Bondax;Moon Boots,Gold - Moon Boots Remix
ODESZA;Monsoonsiren,Memories That You Call (feat. Monsoonsiren)
Black Coast;REMMI;Mokita,Feel Something (feat. Remmi) - Mokita Remix
Joe Ghost;Kevin Acero;Joyia,Guardian Angel
RBYN,Out of the Dark
Tinashe;Steve James,Flame - Steve James Remix
Joakim Molitor;Maia Wright,Always Gonna Say Sorry
Remady;Manu-L,L.I.F.E. - I.GOT.U Remix
Steve Aoki;Louis Tomlinson;DVBBS,Just Hold On - DVBBS Remix
Mako;WE ARE FURY,Let Go Of The Wheel - WE ARE FURY Remix
Hitimpulse,I'm in Love with the Coco
Rain Man;MAX,Do You Still Feel?
Toy Box,Sundrip
VIRTU;Virtu,Creep - VIRTU Edit
Chris Porter;Alithea,Crashing Down
MAX;Not Your Dope,Lights Down Low - Not Your Dope Remix
Martin Garrix;Dua Lipa;Conro,Scared To Be Lonely (Conro Remix)
Alle Farben;Janieck;Aligee;LOVRA,Little Hollywood - Aligee & Lovra Remix
Hot Shade;Mike Perry;Jane X?,Touching You Again
Steve Void;No Mondays;Clara Mae,Chemistry
Klingande;M-22;Naxxos,Somewhere New - Naxxos Remix
Todiefor;Helen,Beautiful
Hechmann,Inferno
DVBBS;CMC$;Gia Koka,Not Going Home
Jonas Blue;RAYE,By Your Side
Axwell /\ Ingrosso;Kid Ink,I Love You
Gavin James;Danny Avila,I Don't Know Why - Danny Avila Remix
The Vamps;Matoma,All Night
AJR,Weak
Don Diablo;Marnik,Children Of A Miracle
Wahlstedt;G Curtis,Slow Us Down
Tape Machines,Dirty Linen Sheets
Joyzu;Allyson Ezell,Humans
Conro;ROYAL,City Lights (feat. Royal)
Conro,On My Way Up
Summer Was Fun;Meron Ryan,Run to You (feat. Meron Ryan)
Subtact,Restart
Subtact;Ephixa;Stephen Walking;Aaron Richards,Matches (Subtact Remix) [feat. Aaron Richards]
Mako;Telykast,Into The Sunset - TELYKast Remix
The Chainsmokers;Savi,Honest - SAVI Remix
Teqqnix,75k
Avicii;Sandro Cavazza,Without You (feat. Sandro Cavazza)
Avicii;Vargas & Lagola,Friend Of Mine (feat. Vargas & Lagola)
Hardwell;Austin Mahone;Madison Mars,Creatures Of The Night - Madison Mars Remix
Dimitri Vegas & Like Mike;David Guetta;Kiiara,Complicated (feat. Kiiara)
Convex;Pip,Verses
Mahmut Orhan;Eneli;Mert Oksuz,Save Me (feat. Eneli) - Mert Oksuz Remix
Marshmello;Khalid,Silence
Avicii;Billy Raffoul,You Be Love (feat. Billy Raffoul)
CAZZETTE;JONES;Two Can,Handful Of Gold - Two Can Remix
OneRepublic;Seeb,Rich Love (with Seeb)
Zedd;Liam Payne,Get Low (with Liam Payne)
FTampa,Light Me Up
Galantis;ROZES,Girls On Boys
Sigala;Ella Eyre;Freedo,Came Here for Love - Freedo Remix
Jonas Blue;William Singe;Dzeko,Mama - Dzeko Remix
Hot Shade,Better
Campsite Dream,Little Do You Know
Louis The Child;Icona Pop,Weekend
ODESZA;Naomi Wild,Higher Ground (feat. Naomi Wild)
Arty,Supposed To Be
Hailee Steinfeld;Alesso;Florida Georgia Line;watt,"Let Me Go (with Alesso, Florida Georgia Line & watt)"
Martin Garrix,Pizza
Grey;Skott,Crime (with Skott)
Hippie Sabotage,Otherside
Sundial,Undertale - sundial Remix
Black Summer;Lowell,Young Like Me (feat. Lowell)
Ellusive;Telykast;Shara,You & I (feat. Shara)
Galantis,Hey Alligator
Galantis;Poo Bear,Salvage (Up All Night) [feat.Poo Bear]
Galantis;Throttle,Tell Me You Love Me
Galantis,Hello
R3HAB;Quintino,I Just Can't
Sam Berson;Shnd?,Carry Me - Shnd? Remix
Illenium,No Time Like Now
Illenium;RUNN,Free Fall
Illenium;Emilie Brandt,Lost
Illenium;MAX,Beautiful Creatures (feat. MAX)
Portugal. The Man;Gryffin,Feel It Still - Gryffin Remix
Sam Smith;Galantis,Too Good At Goodbyes - Galantis Remix
Waves;Lavin,Back in Time (feat. Lavin)
Kasbo;Keiynan Lonsdale,Lay It On Me
Tritonal;Varpu,Wild Kind
Gryffin;Illenium;Daya;Crankdat,Feel Good (feat. Daya) - Crankdat Remix
Gallant;Brasstracks,Weight in Gold - Brasstracks Remix
Lauv;DallasK,The Other - DallasK Remix
Luca Schreiner;Loé,Out of My Mind
ODESZA;Leon Bridges,Across the Room (feat. Leon Bridges)
Kygo;Jason Walker,Sunrise
Kygo;John Newman,Never Let You Go
Alan Walker;Noah Cyrus;Digital Farm Animals,All Falls Down
Cheat Codes;Fetty Wap;CVBZ,Feels Great (feat. Fetty Wap & CVBZ)
Gryffin;Katie Pearlman,Nobody Compares To You
Lost Kings;Sabrina Carpenter,First Love
Prince Fox;Bella Thorne;Yuppycult,Just Call (feat. Bella Thorne) - YUPPYCULT Remix
Marshmello;Khalid;Illenium,Silence - Illenium Remix
Don Diablo;A R I Z O N A,Take Her Place (feat. A R I Z O N A)
Tritonal;Laurell;Justin Caruso,Good Thing - Justin Caruso Remix
3LAU;Yeah Boy;Justin Caruso,Is It Love - Justin Caruso Remix
Justin Caruso;James Droll,Caving (feat. James Droll)
Gavin James;Mark McCabe,Nervous - The Ooh Song: Mark McCabe Remix
Santana;Michelle Branch,The Game of Love - Main / Radio Mix
Jason Mraz,I'm Yours
Bruno Mars,The Lazy Song
Felix Jaehn;Jasmine Thompson,Ain't Nobody (Loves Me Better)
Lost Frequencies;Janieck Devy,Reality - Radio Edit
UB40,(I Can't Help) Falling in Love With You
Snoop Dogg;Wiz Khalifa;Bruno Mars,"Young, Wild & Free (feat. Bruno Mars) - feat. Bruno Mars"
Jarabe De Palo,Déjame Vivir
Mario Bautista,Te Dedico Esta Canción
Carpenters,(They Long To Be) Close To You
Angus & Julia Stone,Paper Aeroplane
Shaggy;Ricardo Ducent,It Wasn't Me
Matt Simons;Falco Van Den Aker;Bob Van Ratingen,Catch & Release - Deepend Remix
Jonas Blue;Dakota,Fast Car
MAGIC!,Rude
Kygo;Conrad Sewell,Firestone
Kygo;Parson James,Stole the Show
Alex Adair,Casual
Becky Hill,Unpredictable
Charli XCX,Boys
Macklemore;Lil Yachty,Marmalade (feat. Lil Yachty)
Bryson Tiller,Run Me Dry
Mura Masa;Jamie Lidell,NOTHING ELSE! (feat. Jamie Lidell)
Mura Masa;Tom Tripp,helpline (feat. Tom Tripp)
French Montana;Swae Lee,Unforgettable
Macklemore;Skylar Grey,Glorious (feat. Skylar Grey)
DJ Khaled;Rihanna;Bryson Tiller,Wild Thoughts
Just Kiddin,More To Life
Major Lazer;Travis Scott;Camila Cabello;Quavo,"Know No Better (feat. Travis Scott, Camila Cabello & Quavo)"
Shallou,Doubt (Summer Edit)
Khalid,8TEEN
Khalid,Young Dumb & Broke
M?,Nights With You
Amber Mark;Couros,Lose My Cool - Couros Remix
The Black Keys,Howlin' For You
Frank Ocean,Ivy
Major Lazer;Nicki Minaj;PARTYNEXTDOOR,Run Up (feat. PARTYNEXTDOOR & Nicki Minaj)
Best Night Ever,Fire Me Up
Dillon Francis;Will Heard,Anywhere
Mura Masa;Bonzai,What If I Go? - Single Version
Cosmo's Midnight;KU?KA,Walk With Me
ODESZA;Madelyn Grant,Sun Models (feat. Madelyn Grant)
Maroon 5;SZA,What Lovers Do (feat. SZA)
Alle Farben;Sam Gray,Never Too Late
ODESZA;Leon Bridges,Across The Room (feat. Leon Bridges)
Bobby McFerrin,Don't Worry Be Happy
Jack Johnson,Banana Pancakes
Rusted Root,Send Me On My Way
Stevie Wonder,For Once In My Life
Simon & Garfunkel,The 59th Street Bridge Song (Feelin' Groovy)
The Temptations,My Girl
Matt Nathanson,Come On Get Higher
John Mayer,Your Body Is a Wonderland
Faces,Ooh La La - 2015 Remastered Version
Pharrell Williams,Happy
Toots & The Maytals,Sweet And Dandy
Roy Orbison,Pretty Woman
The Byrds,Turn! Turn! Turn! (To Everything There Is a Season)
Al Green,Sha-La-La (Make Me Happy)
Randy Newman,"You've Got A Friend In Me - From ""Toy Story""/ Soundtrack"
Jason Mraz,I'm Yours
Robbie Williams;Olly Murs,I Wan'na Be Like You
Ella Fitzgerald,Let's Do It - Let's Fall In Love
The Edwin Hawkins Singers,Oh Happy Day
R.E.M.,Shiny Happy People
Talking Heads,This Must Be The Place (Naive Melody) - 2005 Remastered Version
Sheryl Crow,If It Makes You Happy
Gary Portnoy,Where Everybody Knows Your Name (Cheers Theme)
Counting Crows,Accidentally In Love
The Kooks,Junk of the Heart (Happy)
Paul Evans,Happy-Go-Lucky-Me
Jason Mraz,The Remedy (I Won't Worry)
Paul Simon;Graham Nash;David Crosby,Here Comes The Sun (with David Crosby and Graham Nash)
Joni Mitchell,You Turn Me On I'm A Radio
Bruce Springsteen,Thunder Road
Sounds Of Blackness,I'm Going All The Way
Lighthouse Family,Lifted
Jackie Wilson,(Your Love Keeps Lifting Me) Higher & Higher
Louis Armstrong,Zip-A-Dee-Doo-Dah
Billy Ocean,"When the Going Gets Tough, the Tough Get Going"
Lou Bega,Mambo No. 5 (A Little Bit of...)
Toploader,Dancing in the Moonlight - 2001 Remix
Quincy Jones,Soul Bossa Nova
"Earth, Wind & Fire",September
C2C;Derek Martin,Happy
Dire Straits,Walk Of Life
Simon & Garfunkel,Mrs. Robinson
Yusuf / Cat Stevens,"If You Want To Sing Out, Sing Out"
Donovan,Catch the Wind
Matt and Kim,Let's Go
Cut Copy,Take Me Over
Sea Wolf,You're a Wolf
Stars,Hold On When You Get Love and Let Go When You Give It
Passion Pit,Take a Walk
Holy Ghost!,It Gets Dark
WALK THE MOON,Anna Sun
Matt and Kim,Block After Block
Tegan and Sara,Closer
The Script;will.i.am,Hall of Fame
Penguin Prison,Animal Animal
Santigold,Disparate Youth
Of Monsters and Men,Little Talks
POLIÇA;Mike Noyce,Lay Your Cards Out
Purity Ring,Fineshrine
Juveniles,We Are Young
Martin Solveig,The Night Out - Single Version
College & Electric Youth,A Real Hero
Kavinsky,Nightcall
Gypsy & The Cat,Time to Wander (Joan of Arc Remix)
The Wombats,Tokyo - Vampires & Wolves
Norah Jones,Happy Pills
Mat Kearney,Hey Mama
Holy Ghost!,Say My Name (U Tern Remix)
Gotye;Kimbra,Somebody That I Used To Know
Gotye,Eyes Wide Open
Foster The People,Helena Beat
Foster The People,Pumped Up Kicks
Foster The People,I Would Do Anything for You
The Temper Trap,Sweet Disposition
Young the Giant,My Body
The Naked And Famous,Young Blood
The Naked And Famous,Punching In A Dream
Grouplove,Tongue Tied
Grouplove,Lovely Cup
Cults,Go Outside
Atlas Genius,Back Seat
White Arrows,Get Gone
Real Estate,It's Real
Two Door Cinema Club,Something Good Can Work - The Twelves Remix
Two Door Cinema Club,What You Know - Cassian Remix
Stars,Take Me to the Riot
Phoenix,1901
Phoenix,Lisztomania
Phoenix,If I ever feel better
Phoenix,Too young
The Shins,Simple Song
The Shins,Australia
The Shins,Caring Is Creepy
The Postal Service,Sleepin In
The Postal Service,Such Great Heights
Armin van Buuren,Youtopia - feat. Adam Young [Radio Edit]
Empire of the Sun,Walking On A Dream
Empire of the Sun,Standing On The Shore
Empire of the Sun,We Are the People
MGMT,Kids
MGMT,Electric Feel
MGMT,Time to Pretend
Arcade Fire,Rebellion (Lies)
The Black Keys,Howlin' For You
The Black Keys,Tighten Up
Miike Snow,Animal
M83,Midnight City
M83,Reunion
M83,Kim & Jessie
M83,Graveyard girl
Feist,1234
Feist,I Feel It All
The Virgins,Rich Girls - Explicit Album Version
Crystal Castles;Robert Smith,Not In Love
Cut Copy,Lights & Music
The Virgins,Teen Lovers
Passion Pit,Carried Away
Passion Pit,Little Secrets
Passion Pit,The Reeling
Passion Pit,Eyes As Candles
Passion Pit,Swimming In The Flood
Passion Pit,Sleepyhead
Passion Pit,Moth's Wings
Passion Pit,Folds In Your Hands
Tegan and Sara,I Was a Fool
Tegan and Sara,"Goodbye, Goodbye"
Tegan and Sara,Drove Me Wild
Rilo Kiley,Silver Lining
Rilo Kiley,Dreamworld
Rilo Kiley,Close Call
Canyons,When I See You Again
Lemonade,Ice Water
Blood Diamonds;Grimes,Phone Sex (feat. Grimes)
The New Division,Sense
Fitz and The Tantrums,Out Of My League
Of Monsters and Men,Mountain Sound
The Lumineers,Ho Hey
Mat Kearney,Ships In The Night
Stars,The Theory of Relativity
Strange Talk,Cast Away
Strange Talk,Falling in Love
Strange Talk,Climbing Walls
fun.,Some Nights
fun.;Janelle Monáe,We Are Young (feat. Janelle Monáe) - feat. Janelle Monae
Black Kids,I'm Not Gonna Teach Your Boyfriend How to Dance with You
Black Kids,Hit The Heartbrakes
Black Kids,Hurricane Jane
Black Kids,I'm Making Eyes At You
Black Kids,Love Me Already
Fitz and The Tantrums,MoneyGrabber
Holy Ghost,Hold On
The Faint,The Geeks Were Right
Future Islands,Balance
Tennis,Marathon
Diamond Rings,You & Me
The Drums,Days
Miniature Tigers,Sex On The Regular
The Raveonettes,Love In a Trashcan
Pinback,Good To Sea
Juveniles,Hard Working Girl
Juveniles,Through the Night
Goldroom;S L L,Sweetness Alive (feat. S L L)
Bloc Party,Banquet
Bloc Party,Helicopter
Bloc Party,Talons
Little Dragon,Ritual Union
Chairlift,I Belong in Your Arms - Japanese Version
Chairlift,I Belong in Your Arms
Tahiti 80,Easy
Icona Pop;Charli XCX,I Love It (feat. Charli XCX) - feat. Charli XCX
New Young Pony Club,The Bomb - Original Version
Rudimental;Alex Clare;John Newman,Not Giving In - feat. John Newman & Alex Clare
POP ETC,Keep It for Your Own
Buchanan,Run Faster
Diamond Rings,All The Time
The Sounds,Hurt You
The Sounds,Ego
The Sounds,Queen Of Apology
Peter Bjorn and John,Young Folks
The Sounds,Tony The Beat
Caesars,Jerk It Out
Caesars,It's Not the Fall That Hurts - US Mix
We Are Scientists,Rules Don't Stop
Anna Kendrick,"Cups (Pitch Perfect's ""When I'm Gone"")"
Wild Belle,Keep You
Wild Belle,I'm In Love
Eisley,Golly Sandra
Kings of Convenience,I'd Rather Dance With You
Daft Punk;Pharrell Williams;Nile Rodgers,Get Lucky - Radio Edit
Miike Snow,Song for No One
Evermore,Follow the Sun
Mae,Just Let Go
Bastille,Pompeii - Kat Krazy Remix
Javelin,Airfield
Cause & Effect,Happy? (Dirty 8va Mix)
Neuropa,Standing Still in Time
Those Darlins,Pet You And Hold You
Santigold,Lights Out
The Asteroids Galaxy Tour,Around The Bend
YesYou,Frivolous Life (feat. Marcus Azon)
Colour Coding,Had It All
Made In Japan,Pairs
Penguin Prison,Don't Fuck With My Money
The Doves,Everything's Got to Be Alright
Heavenly Beat,Faithless
The Chevin,Champion
The Constellations,We're Here To Save The Day - feat. Asher Roth
The Heavy,How You Like Me Now
Discovery,Swing Tree
Suede,Beautiful Ones
The Wannadies,Little By Little
Cornershop,Brimful Of Asha - Norman Cook Remix
The Jungle Giants,Mr Polite
San Cisco,Golden Revolver
The Milk,Hometown
M.I.A.,XXXO
Shout Out Louds,The Comeback - Big Slippa Mix By Ratatat
Hot Hot Heat,You Owe Me An IOU
Mumm-ra,She's Got You High
Kasabian,Reason Is Treason
Phoenix,Oblique City
Crystal Fighters,You & I
Meiko,I'm In Love
Hooray For Earth,No Love
Sacred Caves,On the Outside
ivy,Get out of the City
Tanlines,All Of Me
IS TROPICAL,The Greeks
Generationals,"When They Fight, They Fight"
Generationals,Put a Light On
Penguin Prison,The Worse It Gets
Crystal Fighters,At Home
Metronomy,The Look
Fischerspooner,Never Win
Paolo Nutini,New Shoes
Toploader,Dancing in the Moonlight - 2001 Remix
Foals,My Number
Capital Cities,Safe and Sound
STRFKR,While I'm Alive
CSS,"Music Is My Hot, Hot Sex"
POP ETC,YOYO
Kimbra;A-Trak;Mark Foster,Warrior
Daily Bread,Allure
Pien Feith,The Highway
Cayucas,Cayucos
Cub Scouts,Do You Hear
Deep Sea Arcade,Steam
Solid Gold,Get Over It
Noah And The Whale,5 Years Time
Hands,The Game is Changing Us
Metric,Dead Disco
The Jungle Giants,I Am What You Want Me to Be
Pacific Air,Float
Brad Sucks,Making Me Nervous
Kyle Andrews,You Always Make Me Smile
The Format,The First Single (You Know Me)
Grimes,Genesis
Ghostland Observatory,Sad Sad City
Blood Orange,Dinner
Capital Cities,Love Away
Gorillaz,Dirty Harry
Youngblood Hawke,We Come Running
Dan Black;Kid Cudi,Symphonies
The Last Royals,Friday Night
Young Galaxy,What We Want
Camera Obscura,Do It Again
Au Revoir Simone,Another Likely Story (Aeroplane Remix)
Fitz and The Tantrums,Spark
Daft Punk;Pharrell Williams,Lose Yourself to Dance
Darwin Deez,Up in the Clouds - Mr Flash Mix
HAIM,Falling
The Knocks;St. Lucia,Modern Hearts
Parachute,Under Control
Fitz and The Tantrums,The Walker
Lana Del Rey,Video Games - Club Clique For The Bad Girls Remix
Dragonette,Let it Go
Bombay Bicycle Club,Shuffle
Wolf Gang,The King And All Of His Men
Walter Meego,Forever
Florrie,Summer Nights
Neon Indian,Polish Girl
Chad Valley,Now That I'm Real (How Does It Feel?)
Animal Kingdom,Strange Attractor
Guster,Amsterdam
Julian Casablancas,11th Dimension
Wolf Gang,Lions In Cages
Capital Cities,Patience Gets Us Nowhere Fast
YACHT,Le Goudron (Edit)
Jenny Wilson,Let My Shoes Lead Me Forward
Death Cab for Cutie,Long Division
Kakkmaddafakka,Someone New
Faded Paper Figures,Small Talk
Dia Frampton;Kid Cudi,Don't Kick The Chair
DWNTWN,See My Eyes
Feist,Inside And Out
Atlas Genius,Trojans
Jhameel,White Lie
STRFKR,Girls Just Want to Have Fun
St. Lucia,Before The Dive
Yeasayer,Henrietta
Andy Grammer,Keep Your Head Up
Poindexter,Light Years
Voxtrot,Kid Gloves
Charli XCX,Take My Hand
Graffiti6,Stare Into The Sun
Modest Mouse,Float On
Hungry Kids of Hungary,Let You Down
Dan Croll,From Nowhere
Fitz and The Tantrums,6am
Edward Sharpe & The Magnetic Zeros,Home
Lykke Li,I Follow Rivers - The Magician Remix
Kennedy,Karate
The Vaccines,Melody Calling
We Are The In Crowd;Alex Gaskarth,Kiss Me Again - feat. Alex Gaskarth
Au Revoir Simone,Somebody Who
Freelance Whales,Hannah
Arcade Fire,Reflektor
American Authors,Believer
CHVRCHES,Recover
White Lies,First Time Caller
Terraplane Sun,Get Me Golden - Radio Edit
Empire of the Sun,Alive
Favored Nations,The Set Up
New Politics,Harlem
Royal Teeth,Wild
Death Cab for Cutie,Doors Unlocked And Open - Cut Copy Remix
HAIM,If I Could Change Your Mind
Family of the Year,St. Croix
The 1975,Chocolate
Gorillaz,On Melancholy Hill
Leagues,Spotlight
The Sound of Arrows,Wonders
Keane,Spiralling
The Limousines,Internet Killed The Video Star
The Limousines,Bedbugs
The Mynabirds,Body of Work
POLIÇA,Chain My Name
Thumpers,Unkinder (A Tougher Love)
The Royal Concept,On Our Way
Pharrell Williams,Happy
Yeasayer,O.N.E.
Grouplove,Colours - Captain Cuts Remix
The Kickdrums,Had Too Much To Dream Last Night (feat. The Kid Daytona)
The Whip,Secret Weapon - Radio Edit
The Whip,Movement
The Mowgli's,San Francisco
Electric Guest,This Head I Hold
CHVRCHES,The Mother We Share
Kate Boy,The Way We Are
Panama;Classixx,Always - Classixx Remix
The Neighbourhood,Sweater Weather
Flight Facilities,With You
Breakbot Feat. Irfane;Breakbot;Irfane,Baby I'm Yours
C2C;Olivier Day Soul,Who Are You
Vampire Weekend,Diane Young
NONONO,Pumpin Blood
BOY,Little Numbers
Sleep Thieves,City Lights
The Limousines,Stranger
Lucius,Turn It Around
Gossip,Move in the Right Direction
GIVERS,Up Up Up
Said The Whale,Mother
Miami Horror;Alan Palomo,Holidays
Panama Wedding,All of the People
Van She,Idea of Happiness
The Presets,This Boys In Love
The Colourist,Little Games
Echosmith,Cool Kids
Twin Shadow,Old Love / New Love
Work Drugs,West Coast Slide
Hey Champ,Shake
St. Lucia,Elevate
Architecture In Helsinki,Contact High
Savoir Adore,Dreamers
The C90s,Shine A Light
Vampire Weekend,Unbelievers
The Postelles,123 Stop
Phoenix,Fences (The Soft Pack RMX) - REMIX VERSION
Wild Cub,Thunder Clatter
Midi Matilda,Day Dreams
Pacific Air,Lose My Mind - Magic Man Remix
MIKA;Pharrell Williams,Celebrate
Dom,Living In America
American Authors,Best Day Of My Life
Tennis,Origins
Darren Hayes,Out Of Talk - Hall & Oates Mix
Stepdad,"My Leather, My Fur, My Nails"
Cut Copy,We Are Explorers
Ghost Beach,Miracle
Catcall,Satellites
Phoenix,Long distance call - Remix by 25 hours a day
Dinosaur Feathers,Young Bucks
Ralph Myerz And The Jack Herren Band,Think Twice (Radio Edit Mix) - Radio Edit
Katchafire,Sweet As
Blondfire,Dear In Your Headlights
Empire of the Sun,Concert Pitch
Alison Valentine,Circles and Triangles
PAPA,Put Me To Work
Jonquil,It's My Part
Strange Talk,Young Hearts
Willy Moon,Yeah Yeah
Flight of the Conchords,Too Many Dicks (On The Dance Floor)
Stepdad,Got the Bite
Vinnie Who,What You Got Is Mine
Like Swimming,Go Buffalo
Stepdad,Pick & Choose
Anna Lunoe;Flume,I Met You
The Knocks;Sneaky Sound System,The One (feat. Sneaky Sound System)
Plushgun,I Like It
Tesla Boy,Spirit of the Night
Friends,Friend Crush
Capital Cities,One Minute More
Neon Trees,1983
JJAMZ,Heartbeat
The Polyphonic Spree,Hold Yourself Up
The Royal Concept,D-D-Dance
The 1975,Girls
Fou De Toi,Dreams
DWNTWN,Til Tomorrow
Gentlemen Hall,Sail Into The Sun
Lily Allen,Hard Out Here
Foster The People,Best Friend
Oliver Koletzki;Fran,Up in the Air (feat. Fran)
Bronze Radio Return,"Mister, Mister"
New Navy,Tapioca
Air Traffic Controller,You Know Me
Cherub,XOXO
Reptar,Stuck In My Id
Blondfire,Where the Kids Are
The Colourist,We Won't Go Home
Belle & Sebastian,Your Cover's Blown (Miaoux Miaoux Remix)
RAC;Kele;MNDR,Let Go
Jessica Hernandez and the Deltas,Tired Oak
The Tontons,Golden
RAC;Tegan and Sara,Hard To Hold
TeamMate,Don't Count Me Out
Man Man,Head On [Hold On To Your Heart]
Chronixx,Here Comes Trouble
Paramore,Ain't It Fun
Clinton Sparks;T.I.,UV Love
TeamMate,Goldmine
Rebecca & Fiona,Holler
Oliver Koletzki;Leslie Clio,No Man No Cry (feat. Leslie Clio)
Panama Wedding,Feels Like Summer
Shout Out Louds,Sugar
La Roux,Sexotheque
Dillon Francis;Sultan + Shepard;The Chain Gang Of 1974,When We Were Young
Snakehips;Sinead Harnett,Days With You
MNDR;RAC,Feed Me Diamonds - RAC Mix
Viceroy;Penguin Prison,The Life
Urban Cone,Urban Photograph
Sheppard,Geronimo
Wankelmut;Emma Louise,My Head is a Jungle - Gui Boratto Remix - Short Edit
STRFKR,Bury Us Alive
The Griswolds,Beware the Dog
Magic Man,Paris
Smallpools,Killer Whales
Miniature Tigers,Swimming Pool Blues
Catey Shaw,Human Contact
TV On The Radio,Happy Idiot
The Kooks,Forgive & Forget
Milky Chance,Flashed Junk Mind
Bombay Bicycle Club,Luna
Kaiser Chiefs,Coming Home
Neon Trees,Sleeping With A Friend
Feed Me;Crystal Fighters,Love Is All I Got
CRUISR,All Over
WALK THE MOON,Shut Up and Dance
Ingrid Michaelson,Girls Chase Boys
Penguin Prison,Calling Out
Milky Chance,Stolen Dance
José González,Step Out
We Are Magnetic,Never Easy
Stars,This Is The Last Time
The Little Ones,Argonauts
Young Rising Sons,High
Portugal. The Man,Modern Jesus
The Decemberists,Don't Carry It All
Portugal. The Man;Passion Pit,Purple Yellow Red and Blue - Passion Pit Remix
Belle & Sebastian,The Party Line
STRFKR,Malmo
Belle & Sebastian,I Didn't See It Coming (Richard X Mix)
La Roux,Uptight Downtown
Phoenix,Lisztomania - 25hrs A Day Remix
Stars,No One Is Lost
Miniature Tigers,Oblivious
Marina and the Diamonds,Froot
Music Go Music,Inferno
Chromeo,Jealous (I Ain't With It)
Here We Go Magic,How Do I Know
Pr0files,Forgive
Fear of Men,Tephra
Feist,Mushaboom - Postal Service Remix
Music Go Music,People All Over the World
Young Empires,Rain Of Gold
California Wives,Blood Red Youth
B?RNS,Electric Love
Urban Cone,Sadness Disease
Lovisa Negga,Kärlek Eller Inbillning
The Avener & Phoebe Killdeer,Fade Out Lines - Radio Edit
Tez Cadey,Seve - Radio Edit
HOLYCHILD,Happy With Me
Vinyl Pinups,Gold Rays
Cherub,Sucker for Love
Tove Styrke,Borderline
Ingrid Michaelson,Afterlife
For The Foxes,We're Coming Up
Laura Doggett;Prins Thomas,Phoenix - Prins Thomas Diskomiks Remix
Parade of Lights,Golden
Magic Man,Out of Mind
Magic Man,Waves
Betty Who,High Society
ASTR,R U With Me
MS MR,Painted
Carousel,My New Friend
The Pass,Halo
Black Taxi,Electroshock Death Grip
Strange Names,Ricochet
Strange Names,Return
DRGN KING,Wild Night
The Bright Light Social Hour,Infinite Cities
Beach Baby,No Mind No Money
Wolf Alice,Bros
The Charlatans,Let The Good Times Be Never Ending
Strange Names,Neighborhood
Body Parts,Desperation
Ace Reporter,Untouched and Arrived
Florence + The Machine,Ship To Wreck
Sidney York,Dick & Jane
Acres Of Lions,Reaction
Dirty Projectors,Stillness Is The Move
PHASES,I'm In Love With My Life
Death Cab for Cutie,Good Help (Is So Hard To Find)
Kyla La Grange;Kygo,Cut Your Teeth - Kygo Remix
Sky Ferreira,Everything Is Embarrassing
Kid Wave,Wonderlust
Penguin Prison,Try to Lose
Bastille,Pompeii
Atlas Genius,Molecules - Single Version
COIN,Run
PHASES,Cooler
Cheat Codes;Evan Gartner,Adventure
We Are Magnetic,There's No Love
Van She,Coconuts
Youngblood Hawke,Dannyboy
The Postelles,Caught by Surprise
Bad Veins,Don't Run
Betty Who,All of You
Bad Suns,Salt
Tennis,Never Work For Free
Young Rising Sons,King Of The World
Mat Kearney,Heartbeat
Portland,Deezy Daisy
HOLYCHILD,Running Behind
Speak,Gates
Great Good Fine Ok,Not Going Home
Madeon;Mark Foster,Nonsense
"Oh, Be Clever",Next 2 U
Grum,Turn It Up
Donkeyboy,Sometimes
Florrie,I Took a Little Something
Vinyl Pinups,Hey Hey You
Neon Indian,Annie
Matt Pond PA,Love to Get Used
Mumford & Sons,The Wolf
Elle King,Ex's & Oh's
Ex Cops,Teenagers
Moon Taxi,Morocco
Natalia Kills,Saturday Night - Samantha Ronson vs DK Remix
The Griswolds,If You Wanna Stay
Halsey;Lost Kings,Ghost - Lost Kings Remix
Datarock,Fa-Fa-Fa
Heartsrevolution,Kishi Kaisei
CRUISR,Kidnap Me
Porter Robinson;Urban Cone,Lionhearted
Lemaitre;LOLO,Wait
Sleeper Agent,Waves
Mating Ritual,Toxins
Saint Motel,Cold Cold Man
Dresses,Sun Shy
The Royal Concept,World On Fire
The Vamps,Wild Heart
Mike Posner,I Took A Pill In Ibiza - Seeb Remix
Olympic Ayres,Lose You
Bear Lake,Crawl
The New Electric Sound,Suitcase
Max and the Moon,Harps
Step Rockets,Kisser (Rii Remix)
"Does It Offend You, Yeah?",Dawn of the Dead
Kool Head,Leon
Breathe Carolina,Blackout
Beat Club,Something Better
Generationals,Black Lemon
Chela;Keljet,Zero - Keljet Remix
WALLA,101
Miami Horror,Wild Motion (Set It Free)
Intergalactix,Tuesday
Golden Coast,Break My Fall
Hey Ocean!,Make a New Dance Up
Natalie Walker,Cool Kids - RAC Remix
Fitz and The Tantrums,HandClap
Sir Sly,Gold - Betablock3r Remix
Brandon Flowers,Lonely Town
Rose Quartz,Scarves
Betablock3r;Vic and Gab,Don't Take Me Home (feat. Vic & Gab)
Sun City,High
Swiss Lips,In the Water
Zak Waters,Skinny Dippin in the Deep End
Operator Please,Back And Forth
The 1975,The Sound
Lovelife,Dying to Start Again
Trails and Ways,Mtn Tune
Wild Belle,Shine
In The Valley Below,Peaches - Passion Pit Remix
Tegan and Sara,Boyfriend
Classixx,All You're Waiting For - feat. Nancy Whang
ADHDS,City
Betablock3r,In My Head
Cheerleader,Perfect Vision
WATERS,What's Real
Diamond Rings,Runaway Love
Avid Dancer,I Feel It
St. Lucia,Dancing On Glass
Cardiknox,Wild Child
French Horn Rebellion;Spencer Ludwig,Play Your Part (feat. Spencer Ludwig)
BANGLADE$H,Lean
POP ETC,What Am I Becoming?
Penguin Prison,Show Me The Way
Peter Bjorn and John;RAC,What You Talking About? (RAC Mix)
Young Empires,Sunshine
Oliver Nelson;Heir,Found Your Love
VHS Collection,Waiting on the Summer
Brett,Golden
Youth Warrant,Shake
Vacationer,In The Grass
Hunter Hunted,Ready For You
Priory,Weekend
Bad Wave,Look Out
Krisp,167
Patternist,Get You Out
Party Nails,Break
Secret Weapons,Something New
Phoenix,Ti Amo
Grace Mitchell,NoLo
Portugal. The Man,Feel It Still
Moon Taxi,Make Your Mind Up
Sun City,In My Skin Again
Colony House,Silhouettes (Casio Version)
COIN,Talk Too Much
CRUISR;Shallou,Go for It - Shallou Remix
Digitalism;Youngblood Hawke,Wolves
